Category,Count,Percentage
LSTM Only,91,24.931506849315067
Morph+Phon Only,41,11.232876712328768
Both Models Fail,101,27.671232876712327
Both Correct,132,36.16438356164384
Total,365,100.0
